site,it_kwh,facility_kwh,co2e_kg,water_l,pue,joules_per_request,co2e_g_per_request,slo_ok_rate,telemetry_p10,cue_kg_per_it_kwh,wue_l_per_it_kwh
DFW-1,5705891.322246493,7703102.79605158,3540060.1169435796,1254460.424611718,1.3503415726052141,130.73741385402306,0.0167045452839266,0.7622222222222222,0.7121947112732279,0.6204219318270868,0.21985354325287404
IAD-2,7346487.920771428,9549665.509544928,2959073.8785369494,734119.8176713666,1.299596142404042,126.03776926789763,0.01089309708621446,0.7605555555555555,0.7149413943704221,0.4027875510651119,0.09992799628727618
PDX-1,5171155.672219121,6101503.147637972,863993.4373252776,413920.4860962521,1.18015888959762,114.40206833656859,0.00454383451108766,0.7652777777777777,0.7579715859618178,0.16707937105179205,0.08004409697428903
SLC-1,6147782.387153358,7499748.778321341,2785800.7566367253,921448.7674319878,1.2198965734331733,118.51567418253076,0.012321495704839085,0.7590277777777777,0.7130983749912942,0.45313912907165377,0.14988311384564984
